,ID,cell.names,DepmapModelType,cosmic.id,cell.names_nerd,cell.names.1
1,ACH-000956,22RV1,PRAD,924100,22RV1,22RV1
2,ACH-000948,2313287,STAD,910924,2313287,23132-87
3,ACH-000323,42MGBA,GB,687561,42MGBA,42-MG-BA
4,ACH-001002,451LU,SKCM,1287706,NA,451Lu
5,ACH-000905,5637,BLCA,687452,5637,5637
6,ACH-000973,639V,UCU,906798,NA,639-V
7,ACH-000896,647V,BLCA,906797,647V,647-V
8,ACH-000070,697,BALL,906800,697,697
9,ACH-000411,769P,CCRCC,910922,769P,769-P
10,ACH-000649,786O,CCRCC,905947,7860,786-0
11,ACH-000137,8MGBA,GB,687562,8MGBA,8-MG-BA
12,ACH-001306,8305C,THAP,906795,8305C,8305C
13,ACH-001307,8505C,THAP,924102,8505C,8505C
14,ACH-000008,A101D,MEL,910921,A101D,A101D
15,ACH-000558,A172,GB,687563,A172,A172
16,ACH-000201,A204,MRT,910784,A204,A204
17,ACH-000788,A2058,MEL,906792,A2058,A2058
18,ACH-000740,A253,OCSC,906794,A253,A253
19,ACH-000657,A2780,EOV,906804,A2780,A2780
20,ACH-000697,A3KAW,DLBCLNOS,910935,NA,A3-KAW
21,ACH-000219,A375,MEL,906793,A375,A375
22,ACH-001442,A388,CSCC,910697,A388,A388
23,ACH-000157,A4FUK,DLBCLNOS,910934,A4Fuk,A4-Fuk
24,ACH-000757,A427,LUAD,910851,A427,A427
25,ACH-001328,A431,CSCC,910925,A431,A431
26,ACH-000555,A498,RCC,905948,A498,A498
27,ACH-000681,A549,LUAD,905949,A549,A549
28,ACH-000052,A673,ES,684052,A673,A673
29,ACH-000429,A704,RCC,910920,A704,A704
30,ACH-000528,ABC1,LUAD,906791,NA,ABC-1
31,ACH-000046,ACHN,PRCC,905950,ACHN,ACHN
32,ACH-000880,AGS,STAD,906790,AGS,AGS
33,ACH-002209,ALLPO,BALL,910944,NA,ALL-PO
34,ACH-000105,ALLSIL,TALL,1295740,ALLSIL,ALL-SIL
35,ACH-000269,AM38,GB,910933,AM38,AM-38
36,ACH-000838,AMO1,PCM,1295741,NA,AMO-1
37,ACH-000940,AN3CA,UCEC,910781,AN3CA,AN3-CA
38,ACH-002210,ARH77,ZIMMBL,906765,NA,ARH-77
39,ACH-001443,ASH3,THAP,1290722,ASH3,ASH-3
40,ACH-000222,ASPC1,PAAD,910702,AsPC1,AsPC-1
41,ACH-002058,ATN1,TALL,NA,NA,ATN-1
42,ACH-000248,AU565,BRCA,910704,AU565,AU565
43,ACH-000456,BCPAP,THPD,924104,BCPAP,B-CPAP
44,ACH-002211,BALL1,BALL,910705,NA,BALL-1
45,ACH-002212,BB30HNC,HNSC,753531,NA,BB30-HNC
46,ACH-002213,BB49HNC,OCSC,753532,NA,BB49-HNC
47,ACH-002090,BB65RCC,RCC,753533,NA,BB65-RCC
48,ACH-002214,BC1,PEL,910919,NA,BC-1
49,ACH-002215,BC3,PEL,910918,NA,BC-3
50,ACH-002216,BE13,TALL,906763,NA,BE-13
51,ACH-002217,BE2M17,NBL,753616,NA,BE2-M17
52,ACH-001016,BECKER,ASTR,906746,Becker,Becker
53,ACH-000603,BEN,NSCLC,753534,BEN,BEN
54,ACH-000802,BFTC905,BLCA,910926,BFTC905,BFTC-905
55,ACH-000792,BFTC909,RCC,910698,BFTC909,BFTC-909
56,ACH-000191,BHT101,THAP,906696,BHT101,BHT-101
57,ACH-000548,BHY,OCSC,753535,BHY,BHY
58,ACH-001331,BICR10,OCSC,1290724,NA,BICR10
59,ACH-000794,BICR22,OCSC,1240121,BICR22,BICR22
60,ACH-000228,BICR31,OCSC,1290725,BICR31,BICR31
61,ACH-001332,BICR78,OCSC,1240122,BICR78,BICR78
62,ACH-000245,BL41,BL,910706,BL41,BL-41
63,ACH-001452,BONNA12,HCL,906695,NA,BONNA-12
64,ACH-001453,BPH1,ZHYPP,924105,BPH1,BPH-1
65,ACH-000536,BT20,IDC,906801,BT20,BT-20
66,ACH-000927,BT474,IDC,946359,BT474,BT-474
67,ACH-000818,BT483,IDC,949093,NA,BT-483
68,ACH-000288,BT549,BRCNOS,905951,BT549,BT-549
69,ACH-000432,BV173,BALL,910710,NA,BV-173
70,ACH-000535,BXPC3,PAAD,906693,BxPC3,BxPC-3
71,ACH-001333,C33A,CESC,687505,C33A,C-33-A
72,ACH-001334,C4I,CESC,687506,C4I,C-4-I
73,ACH-000009,C2BBE1,COAD,910700,C2BBe1,C2BBe1
74,ACH-000580,C32,MEL,906830,C32,C32
75,ACH-001021,C3A,LIHB,910850,NA,C3A
76,ACH-001336,CASKI,CESC,906824,CASKI,Ca-Ski
77,ACH-000440,CA46,BL,910703,CA46,CA46
78,ACH-002043,CA922,OCSC,NA,NA,Ca9-22
79,ACH-000210,CADOES1,ES,753539,CADOES1,CADO-ES1
80,ACH-000433,CAKI1,CCRCC,905963,NA,CAKI-1
81,ACH-000212,CAL120,BRCA,906826,CAL120,CAL-120
82,ACH-000826,CAL12T,NSCLC,753540,CAL12T,CAL-12T
83,ACH-000902,CAL148,IDC,924106,NA,CAL-148
84,ACH-000832,CAL27,OCSC,910916,CAL27,CAL-27
85,ACH-000142,CAL29,BLCA,1290730,CAL29,CAL-29
86,ACH-000518,CAL33,OCSC,753541,CAL33,CAL-33
87,ACH-002091,CAL39,VSC,924107,NA,CAL-39
88,ACH-000856,CAL51,BRCA,910927,CAL51,CAL-51
89,ACH-000457,CAL54,RCC,910952,CAL54,CAL-54
90,ACH-000174,CAL62,THAP,906828,CAL62,CAL-62
91,ACH-001715,CAL72,OS,906827,CAL72,CAL-72
92,ACH-000516,CAL78,DDCHS,1290765,CAL78,CAL-78
93,ACH-000857,CAL851,IDC,910852,CAL851,CAL-85-1
94,ACH-000392,CALU3,LUAD,687777,Calu3,Calu-3
95,ACH-000264,CALU6,LUAD,724859,Calu6,Calu-6
96,ACH-000783,CAMA1,ILC,946382,CAMA1,CAMA-1
97,ACH-000713,CAOV3,HGSOC,906825,Caov3,Caov-3
98,ACH-000103,CAOV4,HGSOC,949090,NA,Caov-4
99,ACH-000354,CAPAN1,PAAD,753624,CAPAN1,CAPAN-1
100,ACH-000107,CAPAN2,PAAD,910915,NA,CAPAN-2
101,ACH-002345,CAR1,READ,NA,NA,CaR-1
102,ACH-000464,CAS1,GB,910943,NA,CAS-1
103,ACH-000963,CCK81,COAD,1240123,CCK81,CCK-81
104,ACH-001738,CCRFCEM,TALL,905952,NA,CCRF-CEM
105,ACH-002218,CESS,AML,910688,NA,CESS
106,ACH-000138,CFPAC1,PAAD,906821,CFPAC1,CFPAC-1
107,ACH-001023,CGTHW1,HNSC,910568,NA,CGTH-W-1
108,ACH-000867,CHAGOK1,NSCLC,687596,ChaGoK1,ChaGo-K-1
109,ACH-001024,CHL1,MEL,910853,NA,CHL-1
110,ACH-000136,CHP126,NBL,910567,NA,CHP-126
111,ACH-001338,CHP134,NBL,910941,NA,CHP-134
112,ACH-000120,CHP212,NBL,906820,CHP212,CHP-212
113,ACH-002092,CHSA0011,CHS,1290767,NA,CHSA0011
114,ACH-002093,CHSA0108,CHS,1290768,NA,CHSA0108
115,ACH-002094,CHSA8926,CHS,1303912,NA,CHSA8926
116,ACH-000249,CL11,COAD,1290769,CL11,CL-11
117,ACH-000920,CMLT1,CMLBCRABL1,910951,CMLT1,CML-T1
118,ACH-001039,COLO205,COAD,905961,NA,COLO-205
119,ACH-002219,COLO320HSR,COAD,910569,NA,COLO-320-HSR
120,ACH-000803,COLO668,SCLC,910692,COLO668,COLO-668
121,ACH-000350,COLO678,COAD,910689,COLO678,COLO-678
122,ACH-000805,COLO679,SKCM,906818,COLO679,COLO-679
123,ACH-000717,COLO680N,ESCC,906817,COLO680N,COLO-680N
124,ACH-000864,COLO684,UCEC,910691,COLO684,COLO-684
125,ACH-000812,COLO783,MEL,1240125,COLO783,COLO-783
126,ACH-000968,COLO792,MEL,906814,COLO792,COLO-792
127,ACH-000401,COLO800,SKCM,906813,COLO800,COLO-800
128,ACH-001820,COLO824,BNNOS,,COLO824,COLO-824
129,ACH-000644,COLO829,SKCM,687448,COLO829,COLO-829
130,ACH-000161,CORL105,LUAD,906805,CORL105,COR-L105
131,ACH-000662,CORL23,LCLC,687780,CORL23,COR-L23
132,ACH-000257,CORL279,SCLC,910937,NA,COR-L279
133,ACH-002095,CORL303,SCLC,1297438,NA,COR-L303
134,ACH-000187,CORL311,SCLC,687980,CORL311,COR-L311
135,ACH-001489,CORL32,LUSC,1322212,NA,COR-L32
136,ACH-001490,CORL321,LUAD,1322213,NA,COR-L321
137,ACH-000508,CORL88,SCLC,906808,NA,COR-L88
138,ACH-000743,CORL95,SCLC,1297439,NA,COR-L95
139,ACH-002096,CP50MELB,MEL,753545,NA,CP50-MEL-B
140,ACH-002097,CP66MEL,MEL,753546,NA,CP66-MEL
141,ACH-001049,CPCN,SCLC,753547,NA,CPC-N
142,ACH-002220,CROAP2,PEL,906807,NA,CRO-AP2
143,ACH-002099,CS1,CHS,1290795,NA,CS1
144,ACH-002221,CTB1,DLBCLNOS,949088,NA,CTB-1
145,ACH-002222,CTV1,TALL,753548,NA,CTV-1
146,ACH-000998,CW2,COAD,910554,CW2,CW-2
147,ACH-002223,D245MG,GB,946366,NA,D-245MG
148,ACH-002224,D247MG,GSARC,946367,NA,D-247MG
149,ACH-002225,D263MG,GB,946368,NA,D-263MG
150,ACH-000055,D283MED,MBL,906834,NA,D-283MED
151,ACH-002226,D336MG,GSARC,946369,NA,D-336MG
152,ACH-002227,D392MG,GB,946370,NA,D-392MG
153,ACH-002228,D423MG,GB,946372,NA,D-423MG
154,ACH-002229,D502MG,GB,946373,NA,D-502MG
155,ACH-002230,D542MG,GB,753549,NA,D-542MG
156,ACH-002231,D566MG,GB,946377,NA,D-566MG
157,ACH-000243,DANG,PAAD,1290797,DANG,DAN-G
158,ACH-000211,DAOY,MBL,906833,Daoy,Daoy
159,ACH-000786,DAUDI,BL,906831,Daudi,Daudi
160,ACH-000334,DB,DLBCLNOS,906832,DB,DB
161,ACH-000863,DBTRG05MG,GB,906835,DBTRG05MG,DBTRG-05MG
162,ACH-000233,DEL,ALCLALKP,906836,DEL,DEL
163,ACH-000207,DETROIT562,OPHSC,906837,Detroit562,Detroit562
164,ACH-002232,DG75,BL,906838,NA,DG-75
165,ACH-002233,DIFI,COADREAD,1789883,NA,DiFi
166,ACH-002100,DJM1,CSCC,906841,NA,DJM-1
167,ACH-000244,DKMG,GB,906839,DKMG,DK-MG
168,ACH-000530,DMS114,SMARCA4-UT,687983,DMS114,DMS-114
169,ACH-000749,DMS273,SCLC,687985,DMS273,DMS-273
170,ACH-000698,DMS53,SCLC,907295,DMS53,DMS-53
171,ACH-000703,DMS79,SCLC,753551,DMS79,DMS-79
172,ACH-000981,DND41,TALL,1297446,DND41,DND-41
173,ACH-000056,DOHH2,DLBCLNOS,906842,NA,DOHH-2
174,ACH-002234,DOK,OHNCA,910936,NA,DOK
175,ACH-001341,DOTC24510,MCCE,906843,DOTC24510,DoTc2-4510
176,ACH-001063,DOV13,SOC,1479987,NA,DOV13
177,ACH-002235,DSH1,BLCA,753552,NA,DSH1
178,ACH-000979,DU145,PRAD,905935,NA,DU-145
179,ACH-000258,DU4475,BRCA,906844,DU4475,DU-4475
180,ACH-002236,EB3,BL,906847,NA,EB-3
181,ACH-001064,EB2,BL,906846,NA,EB2
182,ACH-000563,EBC1,LUSC,753554,EBC1,EBC-1
183,ACH-000305,ECGI10,ESCC,753555,ECGI10,EC-GI-10
184,ACH-000560,ECC10,STSC,906848,ECC10,ECC10
185,ACH-000225,ECC12,STSC,906849,ECC12,ECC12
186,ACH-000330,EFM19,IDC,906851,EFM19,EFM-19
187,ACH-000117,EFM192A,BRCA,1290798,NA,EFM-192A
188,ACH-000308,EFO21,SOC,911905,EFO21,EFO-21
189,ACH-000936,EFO27,MOV,906852,EFO27,EFO-27
190,ACH-000821,EJM,PCM,1297447,EJM,EJM
191,ACH-000706,EKVX,LUAD,905970,EKVX,EKVX
192,ACH-000295,EM2,CMLBCRABL1,906855,EM2,EM-2
193,ACH-002101,EMCBAC1,NSCLC,1503369,NA,EMC-BAC-1
194,ACH-002102,EMCBAC2,NSCLC,1503370,NA,EMC-BAC-2
195,ACH-000978,EN,UCEC,1240127,EN,EN
196,ACH-000198,EOL1,AML,906856,EoL1cell,EoL-1-cell
197,ACH-000585,EPLC272H,LUSC,753556,EPLC272H,EPLC-272H
198,ACH-000906,ES2,CCOV,1240128,ES2,ES-2
199,ACH-002103,ES1,ES,949158,NA,ES1
200,ACH-002105,ES4,ES,949156,NA,ES4
201,ACH-002106,ES5,ES,684057,NA,ES5
202,ACH-002107,ES6,ES,949157,NA,ES6
203,ACH-002108,ES7,ES,684059,NA,ES7
204,ACH-002109,ES8,ES,949155,NA,ES8
205,ACH-001496,ESO26,GEJ,1503366,ESO26,ESO26
206,ACH-001497,ESO51,ESCA,1503367,ESO51,ESO51
207,ACH-000913,ESS1,ESS,907000,ESS1,ESS-1
208,ACH-002237,ETK1,IHCH,906861,NA,ETK-1
209,ACH-001065,EVSAT,ILC,906862,NA,EVSA-T
210,ACH-002110,EW1,ES,949163,NA,EW-1
211,ACH-002111,EW11,ES,684062,NA,EW-11
212,ACH-002112,EW12,ES,949162,NA,EW-12
213,ACH-002113,EW13,ES,949166,NA,EW-13
214,ACH-002114,EW16,ES,949165,NA,EW-16
215,ACH-002115,EW18,ES,949164,NA,EW-18
216,ACH-002116,EW22,ES,949167,NA,EW-22
217,ACH-002117,EW24,ES,949168,NA,EW-24
218,ACH-002118,EW3,ES,949161,NA,EW-3
219,ACH-002119,EW7,ES,949160,NA,EW-7
220,ACH-000846,FADU,HPHSC,906863,FADU,FADU
221,ACH-001498,FARAGE,GCB,1297449,NA,Farage
222,ACH-001500,FLO1,ESCA,1503361,FLO1,FLO-1
223,ACH-000903,FTC133,THFO,906864,NA,FTC-133
224,ACH-000574,FUOV1,HGSOC,1240129,NA,FU-OV-1
225,ACH-000633,FU97,DSTAD,1290806,NA,FU97
226,ACH-000082,G292CLONEA141B1,OS,1290807,G292CloneA141B1,G-292-Clone-A141B1
227,ACH-000572,G361,MEL,906865,G361,G-361
228,ACH-000096,G401,MRT,907299,G401,G-401
229,ACH-000375,G402,MRT,907298,NA,G-402
230,ACH-002121,GMEL,SKCM,1240130,NA,G-MEL
231,ACH-000162,GA10,BL,1303896,GA10,GA-10
232,ACH-002120,GAK,VMM,910932,NA,GAK
233,ACH-000098,GAMG,GB,906868,GAMG,GAMG
234,ACH-000738,GB1,GB,687568,GB1,GB-1
235,ACH-000047,GCIY,STAD,906869,NA,GCIY
236,ACH-000835,GCT,MFH,906999,GCT,GCT
237,ACH-000081,GDM1,AML,906870,GDM1,GDM-1
238,ACH-000756,GI1,GSARC,906871,NA,GI-1
239,ACH-001344,GIMEN,NBL,906872,GIMEN,GI-ME-N
240,ACH-001716,GOTO,NBL,906875,GOTO,GOTO
241,ACH-001345,GP5D,COAD,907291,GP5D,GP5d
242,ACH-002238,GRST,BALL,906877,NA,GR-ST
243,ACH-000073,GRANTA519,MCL,1303897,GRANTA519,GRANTA-519
244,ACH-001519,HEMCSS,EMCHS,907290,HEMCSS,H-EMC-SS
245,ACH-000109,NCIH3255,LUAD,,H3255,H3255
246,ACH-000389,H4,ASTR,907042,H4,H4
247,ACH-002240,H9,SS,907043,NA,H9
248,ACH-002139,HA7RCC,RCC,753558,NA,HA7-RCC
249,ACH-002241,HAL01,BALL,949153,NA,HAL-01
250,ACH-000843,HARA,LUSC,1240142,HARA,HARA
251,ACH-002242,HC1,HCL,907044,NA,HC-1
252,ACH-000878,HCC15,LUSC,1240143,HCC15,HCC-15
253,ACH-000515,HCC33,SCLC,1303901,HCC33,HCC-33
254,ACH-000840,HCC366,LUAS,1240144,HCC366,HCC-366
255,ACH-000667,HCC44,LUAD,1240145,NA,HCC-44
256,ACH-000562,HCC78,LUAD,1290908,HCC78,HCC-78
257,ACH-000012,HCC827,LUAD,1240146,NA,HCC-827
258,ACH-000374,HCC1143,IDC,749710,HCC1143,HCC1143
259,ACH-000111,HCC1187,IDC,749711,HCC1187,HCC1187
260,ACH-000699,HCC1395,IDC,749712,NA,HCC1395
261,ACH-000277,HCC1419,IDC,907045,NA,HCC1419
262,ACH-000352,HCC1428,BRCA,1290905,HCC1428,HCC1428
263,ACH-000349,HCC1500,DCIS,1303900,NA,HCC1500
264,ACH-000930,HCC1569,IDC,907046,HCC1569,HCC1569
265,ACH-000196,HCC1599,IDC,749713,HCC1599,HCC1599
266,ACH-000624,HCC1806,DCIS,907047,HCC1806,HCC1806
267,ACH-000223,HCC1937,IDC,749714,HCC1937,HCC1937
268,ACH-000859,HCC1954,DCIS,749709,HCC1954,HCC1954
269,ACH-000725,HCC202,DCIS,1290906,NA,HCC202
270,ACH-000691,HCC2157,IDC,749715,NA,HCC2157
271,ACH-000755,HCC2218,DCIS,749716,NA,HCC2218
272,ACH-001081,HCC2998,COAD,905971,NA,HCC2998
273,ACH-000276,HCC38,IDC,749717,HCC38,HCC38
274,ACH-000668,HCC70,IDC,907048,HCC70,HCC70
275,ACH-002243,HCE4,ESCC,753559,NA,HCE-4
276,ACH-000971,HCT116,COAD,905936,HCT116,HCT-116
277,ACH-000997,HCT15,COAD,905937,HCT15,HCT-15
278,ACH-000267,HDLM2,HL,924110,HDLM2,HDLM-2
279,ACH-000643,HDQP1,IDC,1290922,HDQP1,HDQ-P1
280,ACH-001517,HEC1,UCEC,907051,HEC1,HEC-1
281,ACH-000004,HEL,AMLNOS,907053,HEL,HEL
282,ACH-001086,HELA,ECAD,1298134,HELA,HeLa
283,ACH-000625,HEP3B217,HCC,1240147,Hep3B217,Hep3B2-1-7
284,ACH-002140,HEY,HGSOC,1479988,NA,Hey
285,ACH-000847,HGC27,STAD,907055,NA,HGC-27
286,ACH-000061,HH,MTNN,907056,HH,HH
287,ACH-000002,HL60,AMLMRC,905938,HL60,HL-60
288,ACH-001089,HLE,HCC,907057,NA,HLE
289,ACH-002040,HMVII,VMM,NA,NA,HMV-II
290,ACH-002244,HO1N1,OCSC,924111,NA,HO-1-N-1
291,ACH-002045,HO1U1,OCSC,NA,NA,HO-1-u-1
292,ACH-000861,HOP62,LUAD,905972,HOP62,HOP-62
293,ACH-000825,HOP92,NSCLC,905973,HOP92,HOP-92
294,ACH-000613,HOS,OS,907060,HOS,HOS
295,ACH-000270,HPAC,PAAD,1298136,HPAC,HPAC
296,ACH-000094,HPAFII,PAAD,724869,NA,HPAF-II
297,ACH-002245,HS445,HL,1322218,NA,Hs-445
298,ACH-000148,HS578T,BRCNOS,905957,Hs578T,Hs-578-T
299,ACH-002246,HS633T,FIBS,1240149,NA,Hs-633T
300,ACH-000067,HS683,ODG,1240150,Hs683,Hs-683
301,ACH-000616,HS746T,STAD,1240151,Hs746T,Hs-746T
302,ACH-000178,HS766T,PAAD,1298141,NA,Hs-766T
303,ACH-000814,HS939T,MEL,1298144,Hs939T,Hs-939-T
304,ACH-000135,HS940T,ZFIBSKI,1298145,Hs940T,Hs-940-T
305,ACH-000472,HSC2,OCSC,753562,HSC2,HSC-2
306,ACH-000778,HSC3,OCSC,907061,HSC3,HSC-3
307,ACH-002141,HSC39,SSRCC,1322224,NA,HSC-39
308,ACH-000546,HSC4,OCSC,907062,HSC4,HSC-4
309,ACH-000914,HT,DLBCLNOS,907063,NA,HT
310,ACH-000054,HT1080,FIBS,907064,HT1080,HT-1080
311,ACH-000986,HT115,COAD,907289,HT115,HT-115
312,ACH-000547,HT1197,BLCA,907065,NA,HT-1197
313,ACH-000724,HT1376,BLCA,907066,NA,HT-1376
314,ACH-000322,HT144,MEL,907067,HT144,HT-144
315,ACH-000552,HT29,COAD,905939,HT29,HT-29
316,ACH-001525,HT3,CEAD,907068,HT3,HT-3
317,ACH-000926,HT55,COAD,907287,HT55,HT55
318,ACH-001350,HTCC3,THAP,924151,NA,HTC-C3
319,ACH-000976,HUCCT1,IHCH,907069,HuCCT1,HuCCT1
320,ACH-000475,HUH1,HCC,1298146,huH1,huH-1
321,ACH-000480,HUH7,HCC,907071,HuH7,HuH-7
322,ACH-002142,HUO3N1,OS,909977,NA,HuO-3N1
323,ACH-001526,HUO9,OS,907072,HUO9,HuO9
324,ACH-000118,HUPT3,PAAD,907285,NA,HuP-T3
325,ACH-000213,HUPT4,PAAD,907286,NA,HuP-T4
326,ACH-000538,HUTU80,DA,907073,HuTu80,HuTu-80
327,ACH-000672,IALM,LCLC,910779,IALM,IA-LM
328,ACH-000882,IGR1,MEL,907169,IGR1,IGR-1
329,ACH-000650,IGR37,MEL,1240153,IGR37,IGR-37
330,ACH-000966,IGROV1,EOV,905968,IGROV1,IGROV-1
331,ACH-001528,IHH4,THPA,1240154,IHH4,IHH-4
332,ACH-002247,IM9,ZIMMBL,753563,NA,IM-9
333,ACH-000919,IM95,STAD,1240155,IM95,IM-95
334,ACH-002248,IMR5,NBL,907170,NA,IMR-5
335,ACH-000915,IPC298,SKCM,907171,IPC298,IPC-298
336,ACH-002143,ISTMEL1,MEL,907172,NA,IST-MEL1
337,ACH-000569,ISTMES1,PLEMESO,907173,ISTMES1,IST-MES1
338,ACH-002144,ISTSL1,SCLC,753564,NA,IST-SL1
339,ACH-002145,ISTSL2,SCLC,753565,NA,IST-SL2
340,ACH-000396,J82,BLCA,753566,J82,J82
341,ACH-001529,JAR,UCCA,907175,NA,JAR
342,ACH-001530,JEG3,UCCA,907176,NA,JEG-3
343,ACH-000357,JEKO1,MCL,1327765,JEKO1,JEKO-1
344,ACH-000620,JHH1,HCC,1298151,JHH1,JHH-1
345,ACH-000577,JHH2,HCC,1240157,JHH2,JHH-2
346,ACH-000476,JHH4,HCC,1240158,JHH4,JHH-4
347,ACH-000217,JHH6,HCC,1240159,JHH6,JHH-6
348,ACH-000848,JHH7,HCC,1240160,JHH7,JHH-7
349,ACH-000132,JHOS2,HGSOC,1479995,NA,JHOS-2
350,ACH-002146,JHOS3,SOC,1480358,NA,JHOS-3
351,ACH-000584,JHOS4,HGSOC,1480359,JHOS4,JHOS-4
352,ACH-002249,JHU011,LXSC,1240161,NA,JHU-011
353,ACH-002250,JHU022,LXSC,1240162,NA,JHU-022
354,ACH-002251,JHU029,LXSC,1298156,NA,JHU-029
355,ACH-000711,JIMT1,IDC,1298157,JIMT1,JIMT-1
356,ACH-002252,JIYOYEP2003,BL,907268,NA,JiyoyeP-2003
357,ACH-000653,JJN3,PCM,1327766,JJN3,JJN-3
358,ACH-000151,JM1,BALL,1327768,JM1,JM1
359,ACH-002253,JSC1,PEL,1327769,NA,JSC-1
360,ACH-000995,JURKAT,TALL,998184,Jurkat,Jurkat
361,ACH-000326,JURLMK1,CMLBCRABL1,1327771,NA,JURL-MK1
362,ACH-000106,JVM2,MCL,907269,JVM2,JVM-2
363,ACH-000346,JVM3,BPLL,907270,NA,JVM-3
364,ACH-000551,K562,CMLBCRABL1,905940,K562,K-562
365,ACH-002147,K2,MEL,1298160,NA,K2
366,ACH-002148,K5,THPA,924238,NA,K5
367,ACH-000231,KALS1,GB,907271,KALS1,KALS-1
368,ACH-002254,KARPAS1106P,PMBL,1327773,NA,KARPAS-1106P
369,ACH-002255,KARPAS231,DLBCLNOS,1327774,NA,KARPAS-231
370,ACH-000053,KARPAS299,ALCLALKP,907273,NA,KARPAS-299
371,ACH-000315,KARPAS422,DLBCLNOS,907274,KARPAS422,KARPAS-422
372,ACH-002256,KARPAS45,TALL,907272,NA,KARPAS-45
373,ACH-000193,KARPAS620,PCM,1327775,KARPAS620,KARPAS-620
374,ACH-000263,KASUMI1,AML,907275,KASUMI1,KASUMI-1
375,ACH-000793,KATOIII,SSRCC,907276,KATOIII,KATOIII
376,ACH-000983,KCL22,CMLBCRABL1,1330931,KCL22,KCL-22
377,ACH-000101,KE37,TALL,907277,KE37,KE-37
378,ACH-000259,KELLY,NBL,753618,KELLY,KELLY
379,ACH-000386,KG1,AML,907278,KG1,KG-1
380,ACH-002149,KGN,GRCT,924186,NA,KGN
381,ACH-002257,KINGS1,AASTR,907279,NA,KINGS-1
382,ACH-000293,KLE,UCEC,924187,KLE,KLE
383,ACH-000815,KMH2,HL,909976,KMH2,KM-H2
384,ACH-000969,KM12,COAD,905989,KM12,KM12
385,ACH-002397,KMHDASH2,THAP,2054094,NA,KMH-2
386,ACH-002258,KMOE2,AML,907280,NA,KMOE-2
387,ACH-000684,KMRC1,CCRCC,1298168,NA,KMRC-1
388,ACH-000250,KMRC20,CCRCC,1298169,KMRC20,KMRC-20
389,ACH-000714,KMS11,PCM,1659817,KMS11,KMS-11
390,ACH-000380,KMS12BM,PCM,907281,KMS12BM,KMS-12-BM
391,ACH-000622,KNS42,GB,907282,KNS42,KNS-42
392,ACH-000858,KNS62,LUSC,753569,KNS62,KNS-62
393,ACH-002259,KNS81FD,GB,924188,NA,KNS-81-FD
394,ACH-001542,KON,OCSC,1298215,KON,KON
395,ACH-001106,KOPN8,BALL,1330933,NA,KOPN-8
396,ACH-001543,KOSC2,OCSC,753570,KOSC2,KOSC-2
397,ACH-001107,KP1N,PAAD,1298216,NA,KP-1N
398,ACH-000281,KP2,PAAD,1298218,KP2,KP-2
399,ACH-000108,KP3,PAASC,1298219,KP3,KP-3
400,ACH-000265,KP4,PAAD,753572,KP4,KP-4
401,ACH-000345,KPNRTBM1,NBL,924189,NA,KP-N-RT-BM-1
402,ACH-000227,KPNYN,NBL,907314,NA,KP-N-YN
403,ACH-002261,KPNYS,NBL,946363,NA,KP-N-YS
404,ACH-000631,KS1,GB,907313,KS1,KS-1
405,ACH-000486,KU1919,BLCA,907312,KU1919,KU-19-19
406,ACH-000074,KU812,CMLBCRABL1,907311,KU812,KU812
407,ACH-000524,KURAMOCHI,HGSOC,909975,KURAMOCHI,KURAMOCHI
408,ACH-002262,KY821,AMML,907300,NA,KY821
409,ACH-001544,KYAE1,ESCA,1503368,NA,KYAE-1
410,ACH-000607,KYM1,MRT,1240166,KYM1,KYM-1
411,ACH-000823,KYSE140,ESCC,753573,KYSE140,KYSE-140
412,ACH-000855,KYSE150,ESCC,907317,NA,KYSE-150
413,ACH-000693,KYSE180,ESCC,907318,KYSE180,KYSE-180
414,ACH-002263,KYSE220,ESCC,1240167,NA,KYSE-220
415,ACH-000873,KYSE270,ESCC,907319,KYSE270,KYSE-270
416,ACH-000809,KYSE410,ESCC,753574,KYSE410,KYSE-410
417,ACH-000865,KYSE450,ESCC,907320,KYSE450,KYSE-450
418,ACH-002264,KYSE50,ESCC,1298222,NA,KYSE-50
419,ACH-000824,KYSE510,ESCC,907321,KYSE510,KYSE-510
420,ACH-000637,KYSE520,ESCC,753575,KYSE520,KYSE-520
421,ACH-000784,KYSE70,ESCC,753576,KYSE70,KYSE-70
422,ACH-000702,L1236,HL,1330935,L1236,L-1236
423,ACH-000183,L363,PCM,924239,NA,L-363
424,ACH-000754,L428,HL,907322,L428,L-428
425,ACH-000806,L540,HL,907323,L540,L-540
426,ACH-000301,LAMA84,CMLBCRABL1,907783,LAMA84,LAMA-84
427,ACH-001355,LAN6,NBL,949170,NA,LAN-6
428,ACH-002150,LB1047RCC,RCC,753577,NA,LB1047-RCC
429,ACH-002151,LB2241RCC,RCC,753578,NA,LB2241-RCC
430,ACH-002152,LB2518MEL,MEL,753579,NA,LB2518-MEL
431,ACH-002153,LB373MELD,MEL,753581,NA,LB373-MEL-D
432,ACH-002154,LB647SCLC,SCLC,753582,NA,LB647-SCLC
433,ACH-002265,LB771HNC,HNSC,753583,NA,LB771-HNC
434,ACH-002266,LB831BLC,BLCA,753584,NA,LB831-BLC
435,ACH-002155,LB996RCC,RCC,753585,NA,LB996-RCC
436,ACH-002156,LC1SQ,LUSC,1298223,NA,LC-1-sq
437,ACH-002157,LC2AD,LUAD,907786,NA,LC-2-ad
438,ACH-002267,LC41,BALL,907787,NA,LC4-1
439,ACH-000627,LCLC103H,LCLC,753586,LCLC103H,LCLC-103H
440,ACH-000596,LCLC97TM1,LCLC,946361,LCLC97TM1,LCLC-97TM1
441,ACH-000769,LK2,LUSC,687787,LK2,LK-2
442,ACH-000819,LN18,GB,1240168,LN18,LN-18
443,ACH-000595,LN229,GB,1240169,LN229,LN-229
444,ACH-002268,LN405,GB,910694,NA,LN-405
445,ACH-000977,LNCAPCLONEFGC,PRAD,907788,LNCaPCloneFGC,LNCaP-Clone-FGC
446,ACH-002269,LNZTA3WT4,ASTR,1240170,NA,LNZTA3WT4
447,ACH-000176,LOUNH91,LUSC,1298226,LOUNH91,LOU-NH91
448,ACH-000104,LOUCY,TALL,907789,LOUCY,LOUCY
449,ACH-000950,LOVO,COAD,907790,LoVo,LoVo
450,ACH-000750,LOXIMVI,MEL,905974,LOXIMVI,LOXIMVI
451,ACH-000204,LP1,PCM,907791,LP1,LP-1
452,ACH-000252,LS1034,COAD,917486,LS1034,LS-1034
453,ACH-000501,LS123,COAD,907792,LS123,LS-123
454,ACH-000957,LS180,COAD,998189,LS180,LS-180
455,ACH-000985,LS411N,COAD,907794,LS411N,LS-411N
456,ACH-000007,LS513,COAD,907795,NA,LS-513
457,ACH-002051,LU134A,SCLC,,NA,LU-134-A
458,ACH-001549,LU135,SCLC,713899,LU135,LU-135
459,ACH-002052,LU139,SCLC,,NA,LU-139
460,ACH-002077,LU165,SCLC,,NA,LU-165
461,ACH-000438,LU65,GCLC,724863,LU65,LU-65
462,ACH-002158,LU99A,GCLC,907796,NA,LU-99A
463,ACH-000787,LXF289,LUAD,753592,LXF289,LXF-289
464,ACH-001118,M059J,GB,949094,NA,M059J
465,ACH-002159,M14,MEL,905975,NA,M14
466,ACH-002160,MCIXC,ES,908118,NA,MC-IXC
467,ACH-000583,MC116,MBN,907799,NA,MC116
468,ACH-000019,MCF7,BRCA,905946,MCF7,MCF7
469,ACH-000621,MDAMB157,IDC,925338,MDAMB157,MDA-MB-157
470,ACH-000759,MDAMB175VII,IDC,908120,NA,MDA-MB-175-VII
471,ACH-000768,MDAMB231,BRCA,905960,MDAMB231,MDA-MB-231
472,ACH-001358,MDAMB330,ILC,1330941,NA,MDA-MB-330
473,ACH-000934,MDAMB361,BRCA,908121,MDAMB361,MDA-MB-361
474,ACH-000876,MDAMB415,BRCA,924240,MDAMB415,MDA-MB-415
475,ACH-000573,MDAMB436,BRCNOS,1240172,MDAMB436,MDA-MB-436
476,ACH-000910,MDAMB453,BRCA,908122,MDAMB453,MDA-MB-453
477,ACH-000849,MDAMB468,BRCA,908123,MDAMB468,MDA-MB-468
478,ACH-000935,MDST8,COAD,1240173,NA,MDST8
479,ACH-000439,ME1,AML,1330942,ME1,ME-1
480,ACH-001359,ME180,CESC,687514,NA,ME-180
481,ACH-000072,MEG01,CMLBCRABL1,908126,MEG01,MEG-01
482,ACH-000450,MELHO,MEL,908124,MELHO,MEL-HO
483,ACH-000881,MELJUSO,SKCM,908125,MELJUSO,MEL-JUSO
484,ACH-000449,MESSA,USARC,908127,MESSA,MES-SA
485,ACH-000987,MEWO,SKCM,908128,NA,Mewo
486,ACH-000192,MFE280,UCEC,908129,MFE280,MFE-280
487,ACH-000879,MFE296,UCEC,908130,MFE296,MFE-296
488,ACH-000988,MFE319,UASC,1240174,MFE319,MFE-319
489,ACH-002271,MFHINO,MFH,925343,NA,MFH-ino
490,ACH-001819,MFM223,IDC,NA,MFM223,MFM-223
491,ACH-000359,MG63,OS,908131,MG63,MG-63
492,ACH-000020,MHHCALL2,BALL,908132,NA,MHH-CALL-2
493,ACH-000156,MHHCALL4,BALL,908133,MHHCALL4,MHH-CALL-4
494,ACH-000391,MHHES1,ES,908134,MHHES1,MHH-ES-1
495,ACH-000078,MHHNB11,NBL,908135,MHHNB11,MHH-NB-11
496,ACH-002272,MHHPREB1,NHL,908136,NA,MHH-PREB-1
497,ACH-000601,MIAPACA2,PAAD,724870,MIAPaCa2,MIA-PaCa-2
498,ACH-000351,MKN1,STAS,908138,NA,MKN1
499,ACH-002161,MKN28,TSTAD,908139,NA,MKN28
500,ACH-000356,MKN45,DSTAD,925340,MKN45,MKN45
501,ACH-000678,MKN7,TSTAD,924250,MKN7,MKN7
502,ACH-000058,ML1,THFO,1240178,ML1,ML-1
503,ACH-002273,ML2,AML,908141,NA,ML-2
504,ACH-002274,MLMA,HCL,908142,NA,MLMA
505,ACH-000763,MM1S,PCM,1659818,MM1S,MM1S
506,ACH-002162,MMACSF,MEL,925339,NA,MMAc-SF
507,ACH-002275,MN60,BL,908143,NA,MN-60
508,ACH-002339,MOT,HCL,,NA,Mo-T
509,ACH-001125,MOGGCCM,AASTR,908144,NA,MOG-G-CCM
510,ACH-001126,MOGGUVW,AASTR,908145,NA,MOG-G-UVW
511,ACH-000362,MOLM13,AML,1330947,NA,MOLM-13
512,ACH-000369,MOLM16,AML,1330948,NA,MOLM-16
513,ACH-000745,MOLP8,PCM,1330950,MOLP8,MOLP-8
514,ACH-000795,MOLT13,TALL,908146,NA,MOLT-13
515,ACH-000918,MOLT16,TALL,908147,MOLT16,MOLT-16
516,ACH-001127,MOLT4,TALL,905958,NA,MOLT-4
517,ACH-000006,MONOMAC6,AML,908148,NA,MONO-MAC-6
518,ACH-000319,MPP89,PLEMESO,908150,MPP89,MPP-89
519,ACH-002163,MRKNU1,ILC,908151,NA,MRK-nu-1
520,ACH-001131,MSDASH1,MCC,753594,NA,MS-1
521,ACH-001360,MS751,CESC,1240179,MS751,MS751
522,ACH-000335,MSTO211H,PLBMESO,908152,MSTO211H,MSTO-211H
523,ACH-000045,MV411,AML,908156,NA,MV-4-11
524,ACH-002276,MYM12,ALAL,1330960,NA,MY-M12
525,ACH-002164,MZ1PC,PAAD,753595,NA,MZ1-PC
526,ACH-002165,MZ2MEL,MEL,971777,NA,MZ2-MEL
527,ACH-002166,MZ7MEL,MEL,753596,NA,MZ7-mel
528,ACH-000938,NALM6,BALL,908158,NALM6,NALM-6
529,ACH-000944,NAMALWA,BL,908159,NAMALWA,NAMALWA
530,ACH-002277,NBTU110,NBL,1240181,NA,NB(TU)1-10
531,ACH-000804,NB1,NBL,949179,NA,NB1
532,ACH-002278,NB10,NBL,949171,NA,NB10
533,ACH-002279,NB12,NBL,949172,NA,NB12
534,ACH-002280,NB13,NBL,949177,NA,NB13
535,ACH-002281,NB14,NBL,949178,NA,NB14
536,ACH-002282,NB17,NBL,949175,NA,NB17
537,ACH-000294,NB4,APL,1323913,NB4,NB4
538,ACH-002283,NB5,NBL,949176,NA,NB5
539,ACH-002284,NB6,NBL,949173,NA,NB6
540,ACH-002083,NB69,NBL,NA,NA,NB69
541,ACH-002285,NB7,NBL,949174,NA,NB7
542,ACH-002167,NCC010,RCC,1509073,NA,NCC010
543,ACH-002168,NCC021,RCC,1509074,NA,NCC021
544,ACH-001578,NCCIT,EMBCA,908441,NA,NCCIT
545,ACH-000866,NCIH1048,SCLC,687995,NCIH1048,NCI-H1048
546,ACH-000514,NCIH1092,SCLC,687997,NCIH1092,NCI-H1092
547,ACH-000780,NCIH1105,SCLC,908468,NCIH1105,NCI-H1105
548,ACH-000980,NCIH1155,LCLC,908467,NCIH1155,NCI-H1155
549,ACH-000510,NCIH1299,LCLC,724831,NCIH1299,NCI-H1299
550,ACH-000129,NCIH1341,SCNEC,1330964,NA,NCI-H1341
551,ACH-000666,NCIH1355,LUAD,724866,NCIH1355,NCI-H1355
552,ACH-000852,NCIH1435,LUAD,1298347,NCIH1435,NCI-H1435
553,ACH-000830,NCIH1436,SCLC,908469,NCIH1436,NCI-H1436
554,ACH-000589,NCIH1437,LUAD,687794,NCIH1437,NCI-H1437
555,ACH-000506,NCIH146,SCLC,910899,NCIH146,NCI-H146
556,ACH-000892,NCIH1563,LUAD,753600,NCIH1563,NCI-H1563
557,ACH-000869,NCIH1568,LUAD,1298348,NCIH1568,NCI-H1568
558,ACH-000916,NCIH1573,LUAD,908472,NA,NCI-H1573
559,ACH-000015,NCIH1581,LCLC,908471,NCIH1581,NCI-H1581
560,ACH-000744,NCIH1623,LUAD,687798,NCIH1623,NCI-H1623
561,ACH-000766,NCIH1648,LUAD,687799,NA,NCI-H1648
562,ACH-000035,NCIH1650,NSCLC,687800,NCIH1650,NCI-H1650
563,ACH-000893,NCIH1651,LUAD,910900,NCIH1651,NCI-H1651
564,ACH-000448,NCIH1666,LUAD,908473,NCIH1666,NCI-H1666
565,ACH-002170,NCIH1688,SCLC,1298349,NA,NCI-H1688
566,ACH-000021,NCIH1693,LUAD,687802,NCIH1693,NCI-H1693
567,ACH-000431,NCIH1694,SCLC,688006,NA,NCI-H1694
568,ACH-000747,NCIH1703,LUSC,908474,NA,NCI-H1703
569,ACH-000675,NCIH1734,LUAD,722058,NA,NCI-H1734
570,ACH-000282,NCIH1755,LUAD,908475,NCIH1755,NCI-H1755
571,ACH-001362,NCIH1770,NSCLC,687804,NA,NCI-H1770
572,ACH-000379,NCIH1781,LUAD,1298350,NCIH1781,NCI-H1781
573,ACH-000496,NCIH1792,LUAD,724868,NCIH1792,NCI-H1792
574,ACH-000888,NCIH1793,LUAD,908463,NCIH1793,NCI-H1793
575,ACH-000559,NCIH1836,SCLC,1240182,NCIH1836,NCI-H1836
576,ACH-000733,NCIH1838,LUAD,687807,NA,NCI-H1838
577,ACH-000894,NCIH1869,LUSC,1240183,NA,NCI-H1869
578,ACH-000586,NCIH1876,SCLC,1330972,NCIH1876,NCI-H1876
579,ACH-000434,NCIH1915,LCLC,1240184,NCIH1915,NCI-H1915
580,ACH-000414,NCIH1944,LUAD,1240185,NCIH1944,NCI-H1944
581,ACH-000752,NCIH196,SMARCA4-UT,1240186,NCIH196,NCI-H196
582,ACH-000729,NCIH1963,SCLC,688010,NA,NCI-H1963
583,ACH-000587,NCIH1975,LUAD,924244,NCIH1975,NCI-H1975
584,ACH-001137,NCIH1993,LUAD,908476,NA,NCI-H1993
585,ACH-000886,NCIH2009,LUAD,724873,NA,NCI-H2009
586,ACH-000781,NCIH2023,LUAD,1240187,NCIH2023,NCI-H2023
587,ACH-000298,NCIH2029,SCLC,688011,NCIH2029,NCI-H2029
588,ACH-000521,NCIH2030,LUAD,722045,NCIH2030,NCI-H2030
589,ACH-000153,NCIH2052,PLSMESO,688058,NCIH2052,NCI-H2052
590,ACH-000727,NCIH2066,SCLC,1330973,NA,NCI-H2066
591,ACH-000394,NCIH2081,SCLC,908480,NCIH2081,NCI-H2081
592,ACH-000451,NCIH2085,LUAD,687812,NCIH2085,NCI-H2085
593,ACH-000841,NCIH2087,LUAD,724834,NCIH2087,NCI-H2087
594,ACH-000290,NCIH209,SCLC,688013,NA,NCI-H209
595,ACH-000639,NCIH211,SCLC,1240189,NA,NCI-H211
596,ACH-000929,NCIH2110,NSCLC,1298351,NCIH2110,NCI-H2110
597,ACH-000311,NCIH2122,LUAD,722046,NCIH2122,NCI-H2122
598,ACH-001363,NCIH2135,NSCLC,1298352,NA,NCI-H2135
599,ACH-001138,NCIH2141,SCLC,688014,NA,NCI-H2141
600,ACH-000481,NCIH2170,LUSC,687815,NCIH2170,NCI-H2170
601,ACH-000525,NCIH2171,SCLC,688015,NA,NCI-H2171
602,ACH-000924,NCIH2172,NSCLC,1298353,NCIH2172,NCI-H2172
603,ACH-000399,NCIH2196,SCLC,908481,NCIH2196,NCI-H2196
604,ACH-000610,NCIH2227,SCLC,688018,NCIH2227,NCI-H2227
605,ACH-000447,NCIH2228,LUAD,687816,NCIH2228,NCI-H2228
606,ACH-000367,NCIH226,PLEMESO,905941,NCIH226,NCI-H226
607,ACH-000718,NCIH2291,LUAD,724874,NCIH2291,NCI-H2291
608,ACH-000900,NCIH23,LUAD,905942,NCIH23,NCI-H23
609,ACH-000951,NCIH2342,LUAD,687819,NA,NCI-H2342
610,ACH-000875,NCIH2347,LUAD,687820,NA,NCI-H2347
611,ACH-002123,H2369,PLMESO,1290808,NA,NCI-H2369
612,ACH-002124,H2373,PLSMESO,1290809,NA,NCI-H2373
613,ACH-000121,NCIH2405,LUAD,687821,NCIH2405,NCI-H2405
614,ACH-000186,NCIH2444,NSCLC,1298356,NCIH2444,NCI-H2444
615,ACH-000092,NCIH2452,PLBMESO,908462,NA,NCI-H2452
616,ACH-002125,H2461,PLEMESO,1290810,NA,NCI-H2461
617,ACH-002171,NCIH250,SCLC,924241,NA,NCI-H250
618,ACH-002126,H2591,PLEMESO,1240131,NA,NCI-H2591
619,ACH-002127,H2595,PLEMESO,1240132,NA,NCI-H2595
620,ACH-002128,H2722,PLMESO,1290812,NA,NCI-H2722
621,ACH-002129,H2731,PLSMESO,1240134,NA,NCI-H2731
622,ACH-002130,H2795,PLEMESO,1290813,NA,NCI-H2795
623,ACH-000648,NCIH28,PLEMESO,908470,NCIH28,NCI-H28
624,ACH-002131,H2803,PLMESO,1240135,NA,NCI-H2803
625,ACH-002132,H2804,PLMESO,1240136,NA,NCI-H2804
626,ACH-002133,H2810,PLEMESO,1240137,NA,NCI-H2810
627,ACH-002134,H2818,PLEMESO,1290814,NA,NCI-H2818
628,ACH-002135,H2869,PLBMESO,1240138,NA,NCI-H2869
629,ACH-002136,H290,PLMESO,1240139,NA,NCI-H290
630,ACH-001075,NCIH292,LUMEC,753604,NCIH292,NCI-H292
631,ACH-002239,H3118,MUCC,1240140,NA,NCI-H3118
632,ACH-000337,NCIH3122,LUAD,1240190,NCIH3122,NCI-H3122
633,ACH-002172,NCIH322M,LUAD,905967,NA,NCI-H322M
634,ACH-001364,NCIH345,SCLC,688021,NA,NCI-H345
635,ACH-000860,NCIH358,LUAD,908465,NCIH358,NCI-H358
636,ACH-000638,NCIH441,LUAD,908460,NCIH441,NCI-H441
637,ACH-000800,NCIH446,SCLC,688023,NCIH446,NCI-H446
638,ACH-000463,NCIH460,LCLC,905943,NA,NCI-H460
639,ACH-000360,NCIH508,COAD,908442,NCIH508,NCI-H508
640,ACH-000871,NCIH510,SCLC,753605,NCIH510A,NCI-H510A
641,ACH-002138,H513,LUAS,1240141,NA,NCI-H513
642,ACH-000395,NCIH520,LUSC,908443,NCIH520,NCI-H520
643,ACH-000343,NCIH522,LUAD,905944,NCIH522,NCI-H522
644,ACH-000816,NCIH524,SCLC,908483,NCIH524,NCI-H524
645,ACH-000767,NCIH526,SCLC,688025,NA,NCI-H526
646,ACH-000628,NCIH596,LUAS,908459,NCIH596,NCI-H596
647,ACH-001599,NCIH64,SCLC,688026,NA,NCI-H64
648,ACH-000378,NCIH647,LUAS,1240191,NCIH647,NCI-H647
649,ACH-000945,NCIH650,LUAD,722066,NCIH650,NCI-H650
650,ACH-000177,NCIH660,PRSCC,1330975,NA,NCI-H660
651,ACH-000853,NCIH661,LCLC,687829,NCIH661,NCI-H661
652,ACH-000358,NCIH69,SCLC,688027,NA,NCI-H69
653,ACH-000491,NCIH716,COAD,908458,NCIH716,NCI-H716
654,ACH-002174,NCIH720,LUCA,687600,NA,NCI-H720
655,ACH-000775,NCIH727,LUCA,724855,NCIH727,NCI-H727
656,ACH-002175,NCIH740,SCLC,1331055,NA,NCI-H740
657,ACH-000403,NCIH747,COAD,908457,NCIH747,NCI-H747
658,ACH-003071,NCIH748,SCLC,NA,NA,NCI-H748
659,ACH-000789,NCIH810,LCLC,925341,NCIH810,NCI-H810
660,ACH-000355,NCIH82,SCLC,688031,NCIH82,NCI-H82
661,ACH-002177,NCIH835,LUCA,753607,NA,NCI-H835
662,ACH-000416,NCIH838,LUAD,910399,NCIH838,NCI-H838
663,ACH-000292,NCIH841,SMARCA4-UT,1240192,NA,NCI-H841
664,ACH-001365,NCIH847,SCLC,1240193,NA,NCI-H847
665,ACH-000050,NCIH929,PCM,724825,NA,NCI-H929
666,ACH-000427,NCIN87,TSTAD,908461,NA,NCI-N87
667,ACH-002288,NEC8,EMBCA,910942,NA,NEC8
668,ACH-001603,NH12,NBL,908447,NH12,NH-12
669,ACH-002289,NK92MI,NKCLL,1330981,NA,NK-92MI
670,ACH-002290,NKM1,AML,908448,NA,NKM-1
671,ACH-000200,NMCG1,GB,908449,NMCG1,NMC-G1
672,ACH-001605,NO10,GB,908452,NO10,no-10
673,ACH-001606,NO11,GB,908450,NA,no-11
674,ACH-000168,NOMO1,AMOL,908451,NA,NOMO-1
675,ACH-002067,NOS1,OS,NA,NOS1,NOS-1
676,ACH-002291,NTERA2CLD1,EMBCA,908454,NA,NTERA-2-cl-D1
677,ACH-000287,NUDUL1,ABC,1330982,NUDUL1,NU-DUL-1
678,ACH-000911,NUGC3,STAD,908455,NUGC3,NUGC-3
679,ACH-000674,NUGC4,DSTAD,1298357,NUGC4,NUGC-4
680,ACH-002178,NY,OS,910849,NA,NY
681,ACH-001368,OACM51,ESCA,1503363,OACM51,OACM5-1
682,ACH-002292,OACP4C,ESCA,1503362,NA,OACp4C
683,ACH-000116,OAW28,HGSOC,946360,OAW28,OAW-28
684,ACH-000704,OAW42,SOC,910548,NA,OAW-42
685,ACH-000962,OC314,SOC,909257,NA,OC-314
686,ACH-000113,OCIAML2,AML,910947,OCIAML2,OCI-AML2
687,ACH-000336,OCIAML3,AML,1290455,NA,OCI-AML3
688,ACH-000065,OCIAML5,AML,1330983,NA,OCI-AML5
689,ACH-000124,OCILY19,DLBCLNOS,1330984,NA,OCI-LY-19
690,ACH-001617,OCILY7,DLBCLNOS,1659819,NA,OCI-LY7
691,ACH-000751,OCIM1,AML,1330985,OCIM1,OCI-M1
692,ACH-002179,OCUBM,BRCA,909256,NA,OCUB-M
693,ACH-000247,OCUM1,DSTAD,1298358,OCUM1,OCUM-1
694,ACH-000679,OE19,ESCC,910079,OE19,OE19
695,ACH-000544,OE21,ESCC,1298359,OE21,OE21
696,ACH-000383,OE33,ESCA,910549,OE33,OE33
697,ACH-002180,OMC1,CESC,949154,NA,OMC-1
698,ACH-000776,ONS76,MBL,909248,ONS76,ONS-76
699,ACH-000024,OPM2,PCM,909249,OPM2,OPM-2
700,ACH-000159,OSRC2,CCRCC,909250,OSRC2,OS-RC-2
701,ACH-001625,OSC19,OCSC,1298362,OSC19,OSC-19
702,ACH-001626,OSC20,OCSC,1240196,OSC20,OSC-20
703,ACH-001373,OV17R,SOC,1480361,OV17R,OV-17R
704,ACH-000091,OV56,SOC,1480362,OV56,OV-56
705,ACH-000688,OV7,MXOV,1480360,OV7,OV-7
706,ACH-000291,OV90,SOC,1240197,OV90,OV-90
707,ACH-002181,OVCA420,SOC,1480364,NA,OVCA420
708,ACH-002182,OVCA433,SOC,1480367,NA,OVCA433
709,ACH-000001,NIHOVCAR3,HGSOC,905933,OVCAR3,OVCAR-3
710,ACH-000617,OVCAR4,HGSOC,905990,OVCAR4,OVCAR-4
711,ACH-001151,OVCAR5,HGSOC,905969,OVCAR5,OVCAR-5
712,ACH-000696,OVCAR8,HGSOC,905991,OVCAR8,OVCAR-8
713,ACH-000527,OVISE,CCOV,1240198,OVISE,OVISE
714,ACH-000947,OVK18,EOV,1480371,OVK18,OVK-18
715,ACH-000443,OVKATE,HGSOC,1240199,NA,OVKATE
716,ACH-002183,OVMIU,HGSOC,1240200,NA,OVMIU
717,ACH-000663,OVTOKO,CCOV,1298365,OVTOKO,OVTOKO
718,ACH-000372,P12ICHIKAWA,TALL,909251,NA,P12-ICHIKAWA
719,ACH-002059,P30OHK,BALL,,P30OHK,P30-OHK
720,ACH-000770,P31FUJ,AML,909253,NA,P31-FUJ
721,ACH-002293,P32ISH,BL,1330987,NA,P32-ISH
722,ACH-001374,PA1,OMGCT,909255,NA,PA-1
723,ACH-000599,PATU8902,PAAD,1298526,PATU8902,PA-TU-8902
724,ACH-000023,PATU8988T,PAAD,1240201,PATU8988T,PA-TU-8988T
725,ACH-000042,PANC0203,PAAD,1298475,NA,PANC-02-03
726,ACH-000139,PANC0327,PAAD,925346,NA,PANC-03-27
727,ACH-000235,PANC0403,PAAD,1298476,NA,PANC-04-03
728,ACH-000417,PANC0813,PAAD,925347,PANC0813,PANC-08-13
729,ACH-000060,PANC1005,PAAD,925348,PANC1005,PANC-10-05
730,ACH-000030,PC14,LUAD,753608,PC14,PC-14
731,ACH-000090,PC3,PRAD,905934,PC3,PC-3
732,ACH-002294,PCI15A,HPHSC,1240204,NA,PCI-15A
733,ACH-002295,PCI30,OCSC,1298529,NA,PCI-30
734,ACH-002297,PCI4B,LXSC,1298531,NA,PCI-4B
735,ACH-002298,PCI6A,OCSC,1240206,NA,PCI-6A
736,ACH-000619,PECAPJ15,OCSC,1240207,PECAPJ15,PE-CA-PJ15
737,ACH-001630,PEO1,SOC,1480372,PEO1,PEO1
738,ACH-000937,PF382,TALL,909260,PF382,PF-382
739,ACH-001711,PFSK1,PNET,683667,NA,PFSK-1
740,ACH-000218,PL21,AMLMRC,1330991,PL21,PL-21
741,ACH-002186,PL4,PAAD,1298533,NA,PL4
742,ACH-000320,PSN1,PAAD,910546,PSN1,PSN1
743,ACH-001383,PWR1E,ZIMMPRO,1330993,NA,PWR-1E
744,ACH-000347,QGP1,PANET,1298534,QGP1,QGP-1
745,ACH-002299,QIMRWIL,AML,910545,NA,QIMR-WIL
746,ACH-000654,RAJI,NHL,909262,Raji,Raji
747,ACH-002300,RAMOS2G64C10,BL,910401,NA,Ramos-2G6-4C10
748,ACH-001638,RCK8,GCB,1330995,NA,RC-K8
749,ACH-002187,RCCAB,CCRCC,1524418,NA,RCC-AB
750,ACH-002188,RCCER,CCRCC,1524417,NA,RCC-ER
751,ACH-002189,RCCFG2,CCRCC,1524414,NA,RCC-FG2
752,ACH-002190,RCCJF,CCRCC,1524415,NA,RCC-JF
753,ACH-002191,RCCJW,CCRCC,1524416,NA,RCC-JW
754,ACH-002192,RCCMF,CCRCC,1524419,NA,RCC-MF
755,ACH-000189,RCC10RGB,RCC,909974,RCC10RGB,RCC10RGB
756,ACH-000922,RCHACV,BALL,1330994,RCHACV,RCH-ACV
757,ACH-000565,RCM1,READ,909263,RCM1,RCM-1
758,ACH-000169,RD,ERMS,909264,RD,RD
759,ACH-000960,REH,BALL,909696,REH,REH
760,ACH-000144,RERFGC1B,STAD,1240209,RERFGC1B,RERF-GC-1B
761,ACH-000482,RERFLCKJ,LUAD,1298537,RERFLCKJ,RERF-LC-KJ
762,ACH-000062,RERFLCMS,LUAD,910931,RERFLCMS,RERF-LC-MS
763,ACH-000442,RERFLCSQ1,LUSC,1298538,RERFLCSq1,RERF-LC-Sq1
764,ACH-002301,RF48,NHL,909697,NA,RF-48
765,ACH-000689,RH18,ERMS,971774,NA,RH-18
766,ACH-000100,RH41,ARMS,1240210,RH41,RH-41
767,ACH-000505,RKN,LMS,1298539,RKN,RKN
768,ACH-000943,RKO,COAD,909698,RKO,RKO
769,ACH-000371,RL,DLBCLNOS,910861,NA,RL
770,ACH-000965,RL952,UASC,930082,RL952,RL95-2
771,ACH-000719,RMGI,CCOV,909699,NA,RMG-I
772,ACH-001384,RO82W1,THFO,930083,RO82W1,RO82-W-1
773,ACH-001639,ROS50,DLBCLNOS,1331025,NA,ROS-50
774,ACH-001182,RPMI6666,BALL,909701,NA,RPMI-6666
775,ACH-000348,RPMI7951,MEL,910903,RPMI7951,RPMI-7951
776,ACH-000817,RPMI8226,PCM,905964,RPMI8226,RPMI-8226
777,ACH-000636,RPMI8402,TALL,909702,NA,RPMI-8402
778,ACH-002302,RPMI8866,CMLBCRABL1,910544,NA,RPMI-8866
779,ACH-000874,RS411,BALL,909703,RS411,RS4-11
780,ACH-000473,RT112,BLCA,909704,RT112,RT-112
781,ACH-000242,RT4,BLCA,687455,RT4,RT4
782,ACH-000614,RVH421,MEL,909706,RVH421,RVH-421
783,ACH-002195,RXF393,RCC,905978,NA,RXF393
784,ACH-000410,SAOS2,OS,909707,Saos2,Saos-2
785,ACH-002029,SAS,OCSC,NA,SAS,SAS
786,ACH-001641,SAT,HNSC,1299050,SAT,SAT
787,ACH-002196,SBC1,SCLC,713885,NA,SBC-1
788,ACH-002197,SBC3,SCLC,753610,NA,SBC-3
789,ACH-000670,SBC5,SCLC,713880,SBC5,SBC-5
790,ACH-000254,SCC15,OCSC,910911,SCC15,SCC-15
791,ACH-000188,SCC25,OCSC,910701,SCC25,SCC-25
792,ACH-001642,SCC3,MBN,910930,SCC3,SCC-3
793,ACH-000238,SCC4,OCSC,910904,SCC4,SCC-4
794,ACH-000181,SCC9,OCSC,909709,SCC9,SCC-9
795,ACH-001227,UPCISCC090,OCSC,1299052,NA,SCC90
796,ACH-002198,SCH,EGCT,909711,NA,SCH
797,ACH-000609,SF126,GB,909712,SF126,SF126
798,ACH-000655,SF268,ASTR,905986,SF268,SF268
799,ACH-000376,SF295,GB,905985,SF295,SF295
800,ACH-000273,SF539,GSARC,905984,SF539,SF539
801,ACH-000441,SH4,MEL,909713,SH4,SH-4
802,ACH-000790,SHP77,SCLC,724872,SHP77,SHP-77
803,ACH-000112,SIGM5,AMOL,909715,NA,SIG-M5
804,ACH-000556,SIHA,CESC,930297,SIHA,SiHa
805,ACH-000099,SIMA,NBL,753620,NA,SIMA
806,ACH-001650,SISO,CEAD,1240212,SISO,SISO
807,ACH-001189,SJRH30,ARMS,909716,NA,SJRH30
808,ACH-000748,SJSA1,OS,909717,NA,SJSA-1
809,ACH-000400,SKCO1,COAD,909718,SKCO1,SK-CO-1
810,ACH-000087,SKES1,ES,684072,SKES1,SK-ES-1
811,ACH-001653,SKGT2,STAD,1503364,SKGT2,SK-GT-2
812,ACH-001654,SKGT4,ESCA,1503365,SKGT4,SK-GT-4
813,ACH-000361,SKHEP1,HCC,909719,NA,SK-HEP-1
814,ACH-000145,SKLMS1,LMS,909720,SKLMS1,SK-LMS-1
815,ACH-000309,SKLU1,LUAD,909721,NA,SK-LU-1
816,ACH-000465,SKMEL1,MEL,909723,NA,SK-MEL-1
817,ACH-001190,SKMEL2,MEL,905955,NA,SK-MEL-2
818,ACH-000822,SKMEL24,MEL,909725,SKMEL24,SK-MEL-24
819,ACH-000615,SKMEL28,SKCM,905954,SKMEL28,SK-MEL-28
820,ACH-000423,SKMEL3,SKCM,909724,NA,SK-MEL-3
821,ACH-000810,SKMEL30,SKCM,909726,SKMEL30,SK-MEL-30
822,ACH-000640,SKMEL31,SKCM,909727,SKMEL31,SK-MEL-31
823,ACH-000730,SKMEL5,SKCM,905956,SKMEL5,SK-MEL-5
824,ACH-000665,SKMES1,LUSC,909728,SKMES1,SK-MES-1
825,ACH-002304,SKMG1,ASTR,909729,NA,SK-MG-1
826,ACH-000363,SKMM2,PCM,753612,SKMM2,SK-MM-2
827,ACH-000260,SKNAS,NBL,724828,SKNAS,SK-N-AS
828,ACH-000366,SKNDZ,NBL,688086,SKNDZ,SK-N-DZ
829,ACH-000341,SKNFI,NBL,688087,NA,SK-N-FI
830,ACH-000149,SKNSH,NBL,717431,NA,SK-N-SH
831,ACH-000811,SKOV3,SOC,905959,SKOV3,SK-OV-3
832,ACH-001193,SKPNDW,ES,909731,SKPNDW,SK-PN-DW
833,ACH-000939,SKUT1,ULMS,909732,SKUT1,SK-UT-1
834,ACH-002020,SKGIIIA,CESC,NA,NA,SKG-IIIa
835,ACH-000373,SKM1,AML,909722,SKM1,SKM-1
836,ACH-001655,SKN,ULMS,1240215,SKN,SKN
837,ACH-002305,SKN3,OCSC,1299059,NA,SKN-3
838,ACH-002062,SLVL,SMZL,NA,SLVL,SLVL
839,ACH-002199,SN12C,RCC,905979,NA,SN12C
840,ACH-000504,SNB75,GB,905982,SNB75,SNB75
841,ACH-000974,SNGM,UCEC,909735,SNGM,SNG-M
842,ACH-000932,SNU1,STAD,908444,SNU1,SNU-1
843,ACH-000999,SNU1040,COAD,1659823,NA,SNU-1040
844,ACH-000581,SNU16,STAD,908446,NA,SNU-16
845,ACH-000989,SNU175,MACR,1659928,SNU175,SNU-175
846,ACH-000708,SNU283,READ,1659929,SNU283,SNU-283
847,ACH-000478,SNU387,HCC,909736,SNU387,SNU-387
848,ACH-000221,SNU398,HCC,1240217,SNU398,SNU-398
849,ACH-000955,SNU407,COAD,1660034,NA,SNU-407
850,ACH-000493,SNU423,HCC,909737,SNU423,SNU-423
851,ACH-000420,SNU449,HCC,909738,SNU449,SNU-449
852,ACH-000303,SNU5,STAD,908445,SNU5,SNU-5
853,ACH-000532,SNU61,READ,1660035,NA,SNU-61
854,ACH-000991,SNU81,COAD,1660036,SNU81,SNU-81
855,ACH-000722,SNUC1,COAD,910905,SNUC1,SNU-C1
856,ACH-001199,SNUC2B,COAD,909740,NA,SNU-C2B
857,ACH-000970,SNUC5,COAD,1674021,SNUC5,SNU-C5
858,ACH-002340,NBSUSSR,NBL,,NA,SR
859,ACH-000567,ST486,BL,910906,NA,ST486
860,ACH-002306,STS0421,STAD,1299061,NA,STS-0421
861,ACH-000664,SUDHL1,ALCLALKP,909742,NA,SU-DHL-1
862,ACH-000271,SUDHL10,DLBCLNOS,1331033,SUDHL10,SU-DHL-10
863,ACH-002307,SUDHL16,MBN,1331034,NA,SU-DHL-16
864,ACH-000365,SUDHL4,DLBCLNOS,1331035,NA,SU-DHL-4
865,ACH-000660,SUDHL5,DLBCLNOS,1331036,SUDHL5,SU-DHL-5
866,ACH-000611,SUDHL6,DLBCLNOS,1331037,NA,SU-DHL-6
867,ACH-000656,SUDHL8,DLBCLNOS,1331038,SUDHL8,SU-DHL-8
868,ACH-000114,SU8686,PAAD,1240218,SU8686,SU8686
869,ACH-000652,SUIT2,PAAD,1240219,SUIT2,SUIT-2
870,ACH-000059,SUPB15,BALL,1247871,SUPB15,SUP-B15
871,ACH-002308,SUPB8,BALL,910209,NA,SUP-B8
872,ACH-001203,SUPHD1,HL,1331039,NA,SUP-HD1
873,ACH-000226,SUPM2,ALCLALKP,1331040,SUPM2,SUP-M2
874,ACH-000953,SUPT1,NHL,909743,SUPT1,SUP-T1
875,ACH-000437,SW1088,ASTR,909745,SW1088,SW1088
876,ACH-000489,SW1116,COAD,909746,SW1116,SW1116
877,ACH-000890,SW1271,SMARCA4-UT,1299062,SW1271,SW1271
878,ACH-001401,SW13,ACC,909744,SW13,SW13
879,ACH-000236,SW1417,COAD,909747,SW1417,SW1417
880,ACH-000470,SW1463,READ,909748,SW1463,SW1463
881,ACH-001398,SW156,RCC,1240220,SW156,SW156
882,ACH-000677,SW1573,LUAD,724878,SW1573,SW1573
883,ACH-000566,SW1710,BLCA,909749,SW1710,SW1710
884,ACH-000883,SW1783,AASTR,909750,NA,SW1783
885,ACH-000155,SW1990,PAAD,910907,NA,SW1990
886,ACH-000958,SW48,COAD,909751,NA,SW48
887,ACH-000651,SW620,COAD,905962,SW620,SW620
888,ACH-001399,SW626,COAD,909753,SW626,SW626
889,ACH-002309,SW684,FIBS,909754,NA,SW684
890,ACH-001402,SW756,CESC,724839,SW756,SW756
891,ACH-000384,SW780,BLCA,687457,SW780,SW780
892,ACH-000421,SW837,READ,909755,SW837,SW837
893,ACH-002310,SW872,LIPO,909756,NA,SW872
894,ACH-000680,SW948,COAD,909757,SW948,SW948
895,ACH-001400,SW954,VSC,924247,SW954,SW954
896,ACH-002200,SW962,VMM,909758,NA,SW962
897,ACH-001274,SW982,SYNS,909759,SW982,SW982
898,ACH-001321,TT,THME,,TT,T-T
899,ACH-000018,T24,BLCA,724812,T24,T24
900,ACH-000147,T47D,IDC,905945,T47D,T47D
901,ACH-000381,T84,COAD,909761,T84,T84
902,ACH-000571,T98G,GB,687586,T98G,T98G
903,ACH-000197,TALL1,TALL,909762,TALL1,TALL-1
904,ACH-000424,TC71,ES,1240221,TC71,TC-71
905,ACH-002201,TCYIK,SCCE,946357,NA,TC-YIK
906,ACH-000720,TCCSUP,BLCA,687459,TCCSUP,TCCSUP
907,ACH-000647,TE1,ESCC,753621,TE1,TE-1
908,ACH-000318,TE10,ESCC,753622,TE10,TE-10
909,ACH-000488,TE11,ESCC,946354,TE11,TE-11
910,ACH-002311,TE12,ESCC,946356,NA,TE-12
911,ACH-000353,TE15,ESCC,753614,NA,TE-15
912,ACH-000917,TE4,ESCC,1503371,TE4,TE-4
913,ACH-000772,TE441T,CDS,924248,TE441T,TE-441-T
914,ACH-000408,TE5,ESCC,735784,TE5,TE-5
915,ACH-000605,TE6,ESCC,946355,TE6,TE-6
916,ACH-000452,TE8,ESCC,753623,NA,TE-8
917,ACH-000694,TE9,ESCC,946353,TE9,TE-9
918,ACH-000949,TGBC11TKB,STAD,909770,NA,TGBC11TKB
919,ACH-001861,TGBC1TKB,GBC,NA,NA,TGBC1TKB
920,ACH-002312,TGBC24TKB,GBAD,910695,NA,TGBC24TKB
921,ACH-001674,TGW,NBL,910780,TGW,TGW
922,ACH-000146,THP1,AML,909771,THP1,THP-1
923,ACH-002313,TK,MBN,1331045,NA,TK
924,ACH-001208,TK10,CCRCC,905980,NA,TK10
925,ACH-002202,TMK1,STAD,1299069,NA,TMK-1
926,ACH-000048,TOV112D,EOV,1299070,TOV112D,TOV-112D
927,ACH-000885,TOV21G,CCOV,1240222,TOV21G,TOV-21G
928,ACH-000716,TT2609C02,THFO,1240223,TT2609C02,TT2609-C02
929,ACH-002314,TUR,AMOL,909773,NA,TUR
930,ACH-000430,TYKNU,HGSOC,909774,TYKnu,TYK-nu
931,ACH-000040,U118MG,ASTR,687588,U118MG,U-118-MG
932,ACH-000364,U2OS,OS,909776,U2OS,U-2-OS
933,ACH-000626,U266B1,PCM,753615,U266,U-266
934,ACH-001680,U698M,NHL,909777,NA,U-698-M
935,ACH-000075,U87MG,GB,687590,NA,U-87-MG
936,ACH-002204,UCH2,CHDM,1503373,NA,U-CH2
937,ACH-000428,UO31,RCC,905981,U031,U031
938,ACH-000232,U251MG,ASTR,905983,U251,U251
939,ACH-000579,UACC257,MEL,905977,UACC257,UACC-257
940,ACH-000425,UACC62,MEL,905976,UACC62,UACC-62
941,ACH-000568,UACC812,ILC,910910,NA,UACC-812
942,ACH-000554,UACC893,ILC,909778,UACC893,UACC-893
943,ACH-000522,UMUC3,BLCA,724838,NA,UM-UC-3
944,ACH-001417,UMC11,LUCA,909779,NA,UMC-11
945,ACH-001418,UWB1289,SOC,1480374,UWB1289,UWB1.289
946,ACH-001702,VAESBJ,EPIS,688121,VAESBJ,VA-ES-BJ
947,ACH-001703,VAL,DLBCLNOS,1331048,VAL,VAL
948,ACH-000115,VCAP,PRAD,1299075,VCaP,VCaP
949,ACH-001233,VMRCLCD,LUAD,713869,NA,VMRC-LCD
950,ACH-001704,VMRCMELG,MEL,930301,NA,VMRC-MELG
951,ACH-000484,VMRCRCW,RCC,1240224,VMRCRCW,VMRC-RCW
952,ACH-000171,VMRCRCZ,RCC,909781,VMRCRCZ,VMRC-RCZ
953,ACH-002316,WIL2NS,HSP,1331049,NA,WIL2-NS
954,ACH-000304,WM115,MEL,909784,WM115,WM-115
955,ACH-002205,WM1552C,SKCM,1299078,NA,WM1552C
956,ACH-002206,WM278,MEL,1240226,NA,WM278
957,ACH-002207,WM35,MEL,1299080,NA,WM35
958,ACH-000827,WM793,MEL,1299081,WM793B,WM793B
959,ACH-000534,WSUDLCL2,DLBCLNOS,1331050,NA,WSU-DLCL2
960,ACH-001709,WSUNHL,DLBCLNOS,909785,NA,WSU-NHL
961,ACH-000332,YAPC,PAAD,909904,YAPC,YAPC
962,ACH-000469,YH13,GB,909905,YH13,YH-13
963,ACH-000570,YKG1,GB,687592,YKG1,YKG-1
964,ACH-002208,YMB1E,IDC,1303911,NA,YMB-1-E
965,ACH-002317,YT,NHL,946358,NA,YT
966,ACH-000828,ZR7530,ILC,909907,ZR7530,ZR-75-30
